{"cameraMode":{"drawMode":0,"name":"Shaded","section":"Shading Mode"},"sceneLighting":true,"audioPlay":false,"sceneViewState":{"m_AlwaysRefresh":false,"showFog":true,"showSkybox":true,"showFlares":true,"showImageEffects":true,"showParticleSystems":true,"showVisualEffectGraphs":true,"m_FxEnabled":true},"in2DMode":false,"pivot":{"x":208.86123657226563,"y":-130.14903259277345,"z":6.856435298919678},"rotation":{"x":0.2009088099002838,"y":0.6683782935142517,"z":-0.19393838942050935,"w":0.6899400949478149},"size":127.10623931884766,"orthographic":false}