{"cameraMode":{"drawMode":0,"name":"Shaded","section":"Shading Mode"},"sceneLighting":false,"audioPlay":false,"sceneViewState":{"m_AlwaysRefresh":false,"showFog":true,"showSkybox":true,"showFlares":true,"showImageEffects":true,"showParticleSystems":true,"showVisualEffectGraphs":true,"m_FxEnabled":true},"in2DMode":false,"pivot":{"x":111.87090301513672,"y":1.555799961090088,"z":10.246076583862305},"rotation":{"x":0.03473101928830147,"y":0.6633502244949341,"z":-0.030015524476766588,"w":0.7473817467689514},"size":56.34977722167969,"orthographic":false}