{"cameraMode":{"drawMode":0,"name":"Shaded","section":"Shading Mode"},"sceneLighting":false,"audioPlay":false,"sceneViewState":{"m_AlwaysRefresh":false,"showFog":true,"showSkybox":true,"showFlares":true,"showImageEffects":true,"showParticleSystems":true,"showVisualEffectGraphs":true,"m_FxEnabled":true},"in2DMode":false,"pivot":{"x":13.470553398132325,"y":-5.347036361694336,"z":59.52759552001953},"rotation":{"x":0.12060138583183289,"y":0.0342227965593338,"z":-0.0034202300012111665,"w":0.9924611449241638},"size":35.433692932128909,"orthographic":false}