{"cameraMode":{"drawMode":0,"name":"Shaded","section":"Shading Mode"},"sceneLighting":true,"audioPlay":false,"sceneViewState":{"m_AlwaysRefresh":false,"showFog":true,"showSkybox":true,"showFlares":true,"showImageEffects":true,"showParticleSystems":true,"showVisualEffectGraphs":true,"m_FxEnabled":true},"in2DMode":false,"pivot":{"x":9.102349281311036,"y":57.92391586303711,"z":-244.45059204101563},"rotation":{"x":0.0011926937149837614,"y":0.9955390095710754,"z":0.09797346591949463,"w":-0.005503448657691479},"size":127.10623931884766,"orthographic":false}